,GRCm39_d_splam,GRCm39_d_spliceai,GRCm39_a_splam,GRCm39_a_spliceai,Mmul_10_d_splam,Mmul_10_d_spliceai,Mmul_10_a_splam,Mmul_10_a_spliceai,NHGRI_mPanTro3_d_splam,NHGRI_mPanTro3_d_spliceai,NHGRI_mPanTro3_a_splam,NHGRI_mPanTro3_a_spliceai,TAIR10_d_splam,TAIR10_d_spliceai,TAIR10_a_splam,TAIR10_a_spliceai
0.25,1.70916955e-15,2.9253927080752364e-08,8.212522875e-15,7.699427868601562e-08,1.0867535e-15,2.543866216286883e-08,5.3472665e-15,7.198437822486525e-08,8.4663885e-16,2.567787836804669e-08,4.2918729e-15,6.62056807182454e-08,9.974305e-15,1.547004450874745e-07,4.392188875e-14,4.3990160814022516e-07
0.5,3.4105470000000003e-13,1.9696192625762167e-07,1.0669985000000001e-12,4.3609841444691715e-07,2.03875165e-13,1.9330644511761365e-07,6.71817135e-13,4.1973122879568334e-07,1.73723145e-13,1.9223934173417944e-07,5.67408485e-13,3.9510160667610703e-07,2.07523805e-12,8.824317698774564e-07,6.4370522500000004e-12,2.253449107314509e-06
0.75,1.0931201e-10,2.158704848298498e-06,2.21476765e-10,4.310602805190911e-06,5.5718593e-11,2.441591797897047e-06,1.20659815e-10,4.190895873534828e-06,4.9506338e-11,2.51072767953886e-06,1.07446546e-10,4.11739378618492e-06,5.938748075e-10,7.550117160803893e-06,1.19738045e-09,1.9489092817437383e-05
0.0,1.0931030083045e-10,2.1294509212177458e-06,2.2146855247712502e-10,4.233608526504895e-06,5.57175062465e-11,2.4161531357341783e-06,1.206544677335e-10,4.118911495309963e-06,4.9505491361149996e-11,2.485049801170813e-06,1.074422541271e-10,4.051188105466674e-06,5.93864833195e-10,7.395416715716419e-06,1.19733652811125e-09,1.9049191209297158e-05
