,GRCm39_d_splam,GRCm39_d_spliceai,GRCm39_a_splam,GRCm39_a_spliceai,Mmul_10_d_splam,Mmul_10_d_spliceai,Mmul_10_a_splam,Mmul_10_a_spliceai,NHGRI_mPanTro3_d_splam,NHGRI_mPanTro3_d_spliceai,NHGRI_mPanTro3_a_splam,NHGRI_mPanTro3_a_spliceai,TAIR10_d_splam,TAIR10_d_spliceai,TAIR10_a_splam,TAIR10_a_spliceai
0.25,0.9961144775,0.3958524692803621,0.9957682275,0.5360325718298555,0.99971245,0.7031105324625969,0.9996650549999999,0.7825564801692962,0.9995434599999999,0.6503638327121735,0.999471895,0.7341620787978173,0.9590481574999999,0.09018702257890242,0.9508794,0.0479575430508702
0.5,0.9999877,0.9216041624546052,0.9999832,0.9476732015609741,0.99999845,0.9716960906982421,0.99999774,0.9754771649837495,0.9999982,0.9682460010051727,0.99999726,0.9722262382507324,0.9995986299999999,0.5544965627137571,0.999458,0.49669157266616815
0.75,0.9999999,0.9923079550266267,0.9999999,0.9920127928256988,1.0,0.9951991111040115,1.0,0.9946513026952744,1.0,0.9950710505247116,1.0,0.9943156689405441,0.99999416,0.9372140407562256,0.9999914,0.9366477608680726
0.0,0.003885422500000013,0.5964554857462646,0.0042316725000000055,0.45598022099584323,0.0002875500000000253,0.2920885786414146,0.0003349450000000864,0.2120948225259781,0.0004565400000000608,0.3447072178125381,0.0005281050000000009,0.2601535901427269,0.04094600250000002,0.8470270181773232,0.049111999999999933,0.8886902178172024
